frequency,raw,error,smoothed,error_smoothed,equalization,parametric_eq,fixed_band_eq,equalized_raw,equalized_smoothed,target
20.00,-1.41,-5.68,-1.42,-5.71,5.71,4.98,1.94,4.31,4.30,4.27
20.20,-1.36,-5.63,-1.37,-5.66,5.66,4.97,2.00,4.30,4.29,4.27
20.40,-1.33,-5.60,-1.33,-5.61,5.61,4.97,2.05,4.28,4.28,4.27
20.61,-1.28,-5.55,-1.28,-5.55,5.55,4.96,2.11,4.27,4.27,4.27
20.81,-1.24,-5.51,-1.24,-5.50,5.50,4.96,2.18,4.26,4.26,4.27
21.02,-1.20,-5.47,-1.19,-5.44,5.44,4.95,2.24,4.25,4.25,4.27
21.23,-1.16,-5.41,-1.15,-5.39,5.39,4.95,2.30,4.23,4.24,4.25
21.44,-1.12,-5.36,-1.11,-5.33,5.33,4.94,2.37,4.22,4.22,4.24
21.66,-1.09,-5.31,-1.07,-5.28,5.28,4.93,2.44,4.19,4.21,4.22
21.87,-1.05,-5.25,-1.03,-5.22,5.22,4.93,2.51,4.18,4.19,4.20
22.09,-1.00,-5.19,-0.99,-5.17,5.17,4.92,2.58,4.17,4.18,4.19
22.31,-0.96,-5.12,-0.95,-5.11,5.11,4.91,2.66,4.16,4.16,4.16
22.54,-0.92,-5.06,-0.91,-5.05,5.05,4.90,2.73,4.13,4.14,4.14
22.76,-0.87,-4.99,-0.87,-4.99,4.99,4.89,2.81,4.12,4.12,4.12
22.99,-0.83,-4.92,-0.84,-4.93,4.93,4.88,2.89,4.10,4.09,4.09
23.22,-0.80,-4.86,-0.80,-4.87,4.87,4.87,2.98,4.07,4.07,4.06
23.45,-0.75,-4.78,-0.76,-4.81,4.81,4.86,3.06,4.06,4.05,4.04
23.69,-0.73,-4.75,-0.73,-4.76,4.76,4.85,3.15,4.03,4.03,4.03
23.92,-0.69,-4.69,-0.70,-4.71,4.71,4.84,3.23,4.02,4.01,4.00
24.16,-0.66,-4.65,-0.67,-4.65,4.65,4.83,3.32,4.00,3.99,3.99
24.40,-0.65,-4.62,-0.64,-4.61,4.61,4.82,3.41,3.96,3.97,3.97
24.65,-0.62,-4.57,-0.61,-4.56,4.56,4.81,3.51,3.94,3.95,3.95
24.89,-0.60,-4.53,-0.59,-4.52,4.52,4.79,3.60,3.92,3.93,3.93
25.14,-0.57,-4.49,-0.57,-4.48,4.48,4.78,3.69,3.92,3.91,3.92
25.39,-0.55,-4.45,-0.55,-4.45,4.45,4.76,3.79,3.90,3.90,3.90
25.65,-0.53,-4.42,-0.53,-4.41,4.41,4.75,3.88,3.89,3.88,3.89
25.91,-0.52,-4.38,-0.51,-4.38,4.38,4.74,3.98,3.86,3.87,3.86
26.16,-0.50,-4.34,-0.50,-4.35,4.35,4.72,4.07,3.85,3.85,3.84
26.43,-0.48,-4.31,-0.48,-4.32,4.32,4.70,4.16,3.84,3.83,3.83
26.69,-0.47,-4.28,-0.47,-4.29,4.29,4.69,4.26,3.82,3.82,3.81
26.96,-0.46,-4.26,-0.46,-4.26,4.26,4.67,4.35,3.80,3.80,3.80
27.23,-0.45,-4.24,-0.45,-4.23,4.23,4.65,4.44,3.78,3.79,3.79
27.50,-0.44,-4.22,-0.44,-4.21,4.21,4.64,4.52,3.77,3.77,3.78
27.77,-0.43,-4.19,-0.43,-4.18,4.18,4.62,4.61,3.76,3.76,3.76
28.05,-0.42,-4.16,-0.42,-4.16,4.16,4.60,4.69,3.74,3.74,3.75
28.33,-0.41,-4.13,-0.41,-4.14,4.14,4.58,4.76,3.73,3.73,3.72
28.62,-0.40,-4.11,-0.41,-4.12,4.12,4.56,4.83,3.72,3.72,3.71
28.90,-0.40,-4.10,-0.40,-4.10,4.10,4.54,4.90,3.70,3.70,3.70
29.19,-0.40,-4.08,-0.39,-4.08,4.08,4.52,4.96,3.68,3.69,3.68
29.48,-0.39,-4.06,-0.39,-4.06,4.06,4.50,5.01,3.67,3.67,3.68
29.78,-0.38,-4.04,-0.38,-4.04,4.04,4.48,5.06,3.66,3.66,3.66
30.08,-0.38,-4.03,-0.38,-4.02,4.02,4.45,5.09,3.64,3.65,3.65
30.38,-0.38,-4.01,-0.37,-4.00,4.00,4.43,5.13,3.62,3.63,3.63
30.68,-0.37,-3.99,-0.36,-3.98,3.98,4.41,5.15,3.61,3.61,3.62
30.99,-0.36,-3.95,-0.36,-3.95,3.95,4.38,5.16,3.60,3.60,3.60
31.30,-0.36,-3.94,-0.35,-3.93,3.93,4.36,5.17,3.57,3.58,3.58
31.61,-0.34,-3.91,-0.34,-3.91,3.91,4.33,5.17,3.57,3.56,3.57
31.93,-0.34,-3.89,-0.34,-3.88,3.88,4.31,5.16,3.54,3.54,3.55
32.24,-0.33,-3.84,-0.33,-3.85,3.85,4.28,5.14,3.52,3.53,3.52
32.57,-0.32,-3.82,-0.32,-3.83,3.83,4.26,5.12,3.51,3.50,3.50
32.89,-0.32,-3.81,-0.32,-3.80,3.80,4.23,5.09,3.48,3.48,3.49
33.22,-0.31,-3.77,-0.31,-3.78,3.78,4.20,5.05,3.47,3.46,3.46
33.55,-0.31,-3.75,-0.31,-3.75,3.75,4.17,5.00,3.44,3.44,3.44
33.89,-0.31,-3.73,-0.31,-3.73,3.73,4.14,4.95,3.42,3.42,3.42
34.23,-0.31,-3.71,-0.31,-3.71,3.71,4.11,4.89,3.40,3.40,3.40
34.57,-0.31,-3.68,-0.31,-3.69,3.69,4.09,4.82,3.38,3.38,3.37
34.92,-0.31,-3.66,-0.32,-3.67,3.67,4.05,4.75,3.37,3.36,3.35
35.27,-0.32,-3.65,-0.33,-3.66,3.66,4.02,4.68,3.34,3.33,3.34
35.62,-0.33,-3.64,-0.33,-3.65,3.65,3.99,4.61,3.32,3.31,3.31
35.97,-0.35,-3.64,-0.34,-3.64,3.64,3.96,4.53,3.29,3.29,3.29
36.33,-0.35,-3.62,-0.36,-3.63,3.63,3.93,4.45,3.28,3.27,3.27
36.70,-0.38,-3.63,-0.37,-3.62,3.62,3.89,4.36,3.24,3.25,3.25
37.06,-0.38,-3.60,-0.38,-3.61,3.61,3.86,4.28,3.23,3.23,3.22
37.43,-0.40,-3.61,-0.39,-3.60,3.60,3.83,4.20,3.20,3.20,3.21
37.81,-0.41,-3.59,-0.40,-3.59,3.59,3.79,4.11,3.18,3.18,3.19
38.19,-0.42,-3.58,-0.42,-3.58,3.58,3.76,4.02,3.16,3.16,3.16
38.57,-0.43,-3.57,-0.43,-3.57,3.57,3.72,3.94,3.14,3.14,3.14
38.95,-0.44,-3.56,-0.44,-3.56,3.56,3.68,3.86,3.12,3.12,3.12
39.34,-0.45,-3.54,-0.45,-3.55,3.55,3.65,3.77,3.10,3.10,3.09
39.74,-0.46,-3.53,-0.46,-3.53,3.53,3.61,3.69,3.08,3.08,3.07
40.14,-0.46,-3.52,-0.46,-3.52,3.52,3.57,3.61,3.06,3.06,3.06
40.54,-0.47,-3.50,-0.47,-3.51,3.51,3.53,3.53,3.04,3.04,3.03
40.94,-0.47,-3.49,-0.47,-3.49,3.49,3.49,3.45,3.02,3.02,3.02
41.35,-0.48,-3.47,-0.48,-3.48,3.48,3.45,3.38,3.00,3.00,2.99
41.76,-0.48,-3.46,-0.48,-3.46,3.46,3.41,3.30,2.98,2.98,2.98
42.18,-0.48,-3.44,-0.48,-3.44,3.44,3.37,3.23,2.96,2.96,2.97
42.60,-0.48,-3.42,-0.48,-3.42,3.42,3.32,3.16,2.94,2.94,2.94
43.03,-0.48,-3.41,-0.48,-3.40,3.40,3.28,3.10,2.92,2.92,2.93
43.46,-0.48,-3.38,-0.47,-3.37,3.37,3.24,3.03,2.89,2.90,2.90
43.90,-0.47,-3.34,-0.47,-3.35,3.35,3.19,2.97,2.88,2.88,2.87
44.33,-0.46,-3.31,-0.46,-3.32,3.32,3.15,2.91,2.86,2.86,2.85
44.78,-0.46,-3.29,-0.45,-3.29,3.29,3.10,2.85,2.83,2.84,2.84
45.23,-0.44,-3.24,-0.44,-3.26,3.26,3.06,2.80,2.82,2.82,2.81
45.68,-0.44,-3.22,-0.43,-3.22,3.22,3.01,2.74,2.78,2.79,2.79
46.13,-0.41,-3.17,-0.41,-3.18,3.18,2.97,2.69,2.78,2.77,2.76
46.60,-0.40,-3.15,-0.39,-3.14,3.14,2.92,2.65,2.75,2.75,2.75
47.06,-0.38,-3.11,-0.37,-3.10,3.10,2.87,2.60,2.72,2.73,2.73
47.53,-0.35,-3.06,-0.35,-3.05,3.05,2.82,2.55,2.71,2.70,2.71
48.01,-0.33,-3.03,-0.33,-3.01,3.01,2.77,2.51,2.68,2.68,2.70
48.49,-0.30,-2.97,-0.30,-2.96,2.96,2.72,2.47,2.66,2.66,2.67
48.97,-0.27,-2.90,-0.27,-2.90,2.90,2.67,2.43,2.63,2.63,2.63
49.46,-0.24,-2.84,-0.24,-2.85,2.85,2.62,2.40,2.61,2.61,2.60
49.96,-0.21,-2.77,-0.20,-2.79,2.79,2.57,2.36,2.58,2.59,2.57
50.46,-0.17,-2.73,-0.17,-2.73,2.73,2.51,2.33,2.56,2.56,2.56
50.96,-0.13,-2.67,-0.13,-2.67,2.67,2.46,2.29,2.54,2.53,2.54
51.47,-0.10,-2.60,-0.10,-2.60,2.60,2.41,2.26,2.51,2.51,2.50
51.99,-0.06,-2.53,-0.06,-2.54,2.54,2.35,2.23,2.48,2.48,2.48
52.51,-0.02,-2.48,-0.02,-2.47,2.47,2.30,2.20,2.45,2.45,2.46
53.03,0.02,-2.41,0.02,-2.41,2.41,2.24,2.17,2.43,2.43,2.43
53.56,0.06,-2.34,0.06,-2.34,2.34,2.19,2.14,2.40,2.40,2.40
54.10,0.11,-2.26,0.10,-2.27,2.27,2.13,2.11,2.38,2.37,2.38
54.64,0.14,-2.21,0.14,-2.20,2.20,2.07,2.08,2.35,2.35,2.35
55.18,0.18,-2.14,0.18,-2.14,2.14,2.01,2.05,2.32,2.32,2.32
55.74,0.23,-2.06,0.23,-2.07,2.07,1.95,2.02,2.30,2.29,2.29
56.29,0.26,-2.00,0.27,-2.00,2.00,1.89,1.99,2.26,2.26,2.27
56.86,0.31,-1.92,0.31,-1.93,1.93,1.83,1.95,2.24,2.24,2.24
57.42,0.35,-1.85,0.35,-1.86,1.86,1.77,1.92,2.21,2.21,2.20
58.00,0.39,-1.79,0.39,-1.79,1.79,1.71,1.88,2.18,2.18,2.18
58.58,0.43,-1.71,0.44,-1.71,1.71,1.65,1.85,2.14,2.15,2.15
59.16,0.48,-1.64,0.48,-1.64,1.64,1.59,1.81,2.12,2.12,2.12
59.76,0.52,-1.58,0.52,-1.57,1.57,1.53,1.77,2.09,2.09,2.10
60.35,0.56,-1.50,0.56,-1.49,1.49,1.46,1.72,2.06,2.06,2.06
60.96,0.60,-1.44,0.61,-1.42,1.42,1.40,1.68,2.02,2.03,2.04
61.57,0.65,-1.35,0.65,-1.35,1.35,1.33,1.63,2.00,2.00,2.00
62.18,0.69,-1.27,0.69,-1.28,1.28,1.27,1.58,1.97,1.96,1.96
62.80,0.73,-1.20,0.73,-1.20,1.20,1.20,1.52,1.93,1.93,1.93
63.43,0.77,-1.12,0.77,-1.13,1.13,1.13,1.47,1.90,1.90,1.89
64.07,0.81,-1.05,0.81,-1.06,1.06,1.07,1.41,1.87,1.87,1.86
64.71,0.85,-0.98,0.85,-0.99,0.99,1.00,1.34,1.84,1.84,1.84
65.35,0.89,-0.91,0.89,-0.92,0.92,0.93,1.28,1.81,1.81,1.80
66.01,0.92,-0.86,0.93,-0.85,0.85,0.86,1.21,1.77,1.78,1.78
66.67,0.97,-0.77,0.97,-0.78,0.78,0.79,1.14,1.75,1.75,1.75
67.33,1.01,-0.71,1.00,-0.71,0.71,0.72,1.06,1.72,1.72,1.72
68.01,1.04,-0.64,1.04,-0.64,0.64,0.65,0.99,1.69,1.68,1.68
68.69,1.08,-0.57,1.08,-0.58,0.58,0.58,0.91,1.66,1.65,1.66
69.37,1.11,-0.51,1.11,-0.51,0.51,0.51,0.83,1.62,1.62,1.62
70.07,1.14,-0.45,1.15,-0.44,0.44,0.44,0.75,1.58,1.59,1.59
70.77,1.18,-0.38,1.18,-0.37,0.37,0.37,0.66,1.55,1.55,1.56
71.48,1.21,-0.31,1.21,-0.30,0.30,0.29,0.57,1.51,1.52,1.52
72.19,1.24,-0.24,1.25,-0.23,0.23,0.22,0.48,1.47,1.48,1.48
72.91,1.28,-0.16,1.28,-0.16,0.16,0.15,0.39,1.44,1.44,1.44
73.64,1.31,-0.09,1.31,-0.09,0.09,0.07,0.30,1.40,1.40,1.40
74.38,1.34,-0.02,1.34,-0.01,0.01,-0.00,0.21,1.36,1.36,1.36
75.12,1.38,0.08,1.38,0.06,-0.06,-0.08,0.11,1.32,1.32,1.31
75.87,1.41,0.14,1.41,0.14,-0.14,-0.16,0.01,1.28,1.27,1.27
76.63,1.44,0.21,1.44,0.21,-0.21,-0.23,-0.08,1.23,1.23,1.23
77.40,1.47,0.29,1.47,0.29,-0.29,-0.31,-0.18,1.18,1.18,1.18
78.17,1.50,0.38,1.50,0.37,-0.37,-0.39,-0.29,1.13,1.13,1.12
78.95,1.53,0.44,1.54,0.45,-0.45,-0.46,-0.39,1.08,1.08,1.09
79.74,1.56,0.52,1.57,0.53,-0.53,-0.54,-0.49,1.03,1.03,1.04
80.54,1.59,0.61,1.60,0.61,-0.61,-0.62,-0.59,0.98,0.98,0.99
81.35,1.63,0.70,1.63,0.70,-0.70,-0.70,-0.70,0.94,0.93,0.93
82.16,1.66,0.78,1.66,0.78,-0.78,-0.78,-0.81,0.88,0.88,0.88
82.98,1.69,0.86,1.69,0.86,-0.86,-0.86,-0.92,0.83,0.83,0.83
83.81,1.72,0.96,1.72,0.94,-0.94,-0.94,-1.02,0.78,0.77,0.77
84.65,1.74,1.03,1.74,1.03,-1.03,-1.02,-1.13,0.71,0.71,0.71
85.50,1.77,1.11,1.77,1.11,-1.11,-1.10,-1.25,0.66,0.66,0.66
86.35,1.80,1.20,1.80,1.20,-1.20,-1.18,-1.36,0.60,0.60,0.60
87.22,1.82,1.28,1.83,1.28,-1.28,-1.26,-1.47,0.54,0.54,0.54
88.09,1.85,1.37,1.85,1.37,-1.37,-1.34,-1.59,0.48,0.48,0.48
88.97,1.88,1.45,1.88,1.45,-1.45,-1.42,-1.70,0.43,0.43,0.43
89.86,1.90,1.53,1.90,1.54,-1.54,-1.51,-1.82,0.36,0.37,0.37
90.76,1.93,1.64,1.93,1.63,-1.63,-1.59,-1.94,0.31,0.30,0.30
91.66,1.95,1.71,1.96,1.71,-1.71,-1.67,-2.06,0.24,0.24,0.24
92.58,1.98,1.81,1.98,1.80,-1.80,-1.75,-2.18,0.18,0.18,0.17
93.51,2.00,1.88,2.01,1.89,-1.89,-1.84,-2.30,0.11,0.12,0.12
94.44,2.04,1.98,2.03,1.98,-1.98,-1.92,-2.43,0.06,0.05,0.06
95.39,2.06,2.07,2.06,2.07,-2.07,-2.00,-2.55,-0.01,-0.01,-0.01
96.34,2.08,2.16,2.09,2.17,-2.17,-2.09,-2.68,-0.09,-0.08,-0.08
97.30,2.11,2.26,2.11,2.26,-2.26,-2.17,-2.81,-0.15,-0.15,-0.15
98.28,2.14,2.36,2.14,2.35,-2.35,-2.26,-2.93,-0.21,-0.22,-0.21
99.26,2.16,2.45,2.16,2.45,-2.45,-2.34,-3.06,-0.29,-0.29,-0.29
100.25,2.19,2.55,2.19,2.55,-2.55,-2.42,-3.19,-0.36,-0.36,-0.36
101.25,2.21,2.64,2.22,2.64,-2.64,-2.51,-3.32,-0.43,-0.43,-0.43
102.27,2.24,2.74,2.24,2.74,-2.74,-2.59,-3.45,-0.50,-0.50,-0.50
103.29,2.27,2.85,2.27,2.84,-2.84,-2.68,-3.58,-0.57,-0.57,-0.58
104.32,2.29,2.94,2.29,2.94,-2.94,-2.76,-3.70,-0.65,-0.65,-0.65
105.37,2.32,3.04,2.32,3.04,-3.04,-2.84,-3.83,-0.72,-0.72,-0.72
106.42,2.34,3.14,2.34,3.14,-3.14,-2.93,-3.96,-0.80,-0.80,-0.79
107.48,2.36,3.23,2.37,3.24,-3.24,-3.01,-4.08,-0.88,-0.87,-0.87
108.56,2.39,3.34,2.39,3.34,-3.34,-3.09,-4.20,-0.95,-0.95,-0.95
109.64,2.42,3.45,2.42,3.44,-3.44,-3.18,-4.32,-1.02,-1.03,-1.03
110.74,2.44,3.54,2.44,3.54,-3.54,-3.26,-4.44,-1.10,-1.10,-1.09
111.85,2.46,3.63,2.46,3.64,-3.64,-3.35,-4.55,-1.18,-1.18,-1.17
112.97,2.49,3.76,2.49,3.74,-3.74,-3.43,-4.66,-1.25,-1.26,-1.27
114.10,2.50,3.84,2.51,3.84,-3.84,-3.51,-4.76,-1.34,-1.34,-1.33
115.24,2.53,3.94,2.53,3.94,-3.94,-3.59,-4.86,-1.41,-1.41,-1.41
116.39,2.55,4.05,2.55,4.04,-4.04,-3.68,-4.95,-1.48,-1.49,-1.50
117.55,2.57,4.14,2.57,4.13,-4.13,-3.76,-5.04,-1.56,-1.56,-1.57
118.73,2.58,4.23,2.59,4.22,-4.22,-3.84,-5.12,-1.64,-1.64,-1.65
119.92,2.60,4.31,2.60,4.32,-4.32,-3.92,-5.19,-1.72,-1.71,-1.71
121.12,2.62,4.41,2.62,4.41,-4.41,-4.00,-5.26,-1.79,-1.79,-1.79
122.33,2.63,4.49,2.64,4.50,-4.50,-4.08,-5.32,-1.86,-1.86,-1.86
123.55,2.65,4.57,2.65,4.58,-4.58,-4.16,-5.36,-1.93,-1.93,-1.92
124.79,2.67,4.67,2.67,4.67,-4.67,-4.24,-5.41,-2.00,-2.00,-1.99
126.03,2.68,4.74,2.68,4.75,-4.75,-4.32,-5.44,-2.07,-2.06,-2.05
127.29,2.70,4.83,2.70,4.83,-4.83,-4.40,-5.47,-2.13,-2.13,-2.13
128.57,2.71,4.92,2.71,4.91,-4.91,-4.47,-5.48,-2.20,-2.20,-2.21
129.85,2.73,5.00,2.73,4.99,-4.99,-4.55,-5.49,-2.25,-2.26,-2.26
131.15,2.74,5.06,2.74,5.06,-5.06,-4.63,-5.50,-2.32,-2.32,-2.32
132.46,2.75,5.14,2.75,5.13,-5.13,-4.70,-5.49,-2.38,-2.38,-2.39
133.79,2.76,5.20,2.76,5.20,-5.20,-4.78,-5.48,-2.44,-2.44,-2.44
135.12,2.77,5.27,2.77,5.27,-5.27,-4.85,-5.47,-2.50,-2.49,-2.50
136.48,2.78,5.33,2.78,5.33,-5.33,-4.92,-5.45,-2.55,-2.55,-2.55
137.84,2.79,5.38,2.79,5.39,-5.39,-4.99,-5.42,-2.60,-2.60,-2.59
139.22,2.80,5.46,2.80,5.45,-5.45,-5.06,-5.39,-2.65,-2.65,-2.65
140.61,2.81,5.52,2.81,5.50,-5.50,-5.13,-5.36,-2.69,-2.69,-2.71
142.02,2.82,5.55,2.82,5.55,-5.55,-5.20,-5.32,-2.73,-2.73,-2.73
143.44,2.82,5.59,2.83,5.60,-5.60,-5.27,-5.28,-2.78,-2.77,-2.77
144.87,2.83,5.65,2.83,5.65,-5.65,-5.34,-5.24,-2.81,-2.81,-2.82
146.32,2.84,5.70,2.84,5.69,-5.69,-5.40,-5.20,-2.85,-2.85,-2.86
147.78,2.84,5.73,2.84,5.73,-5.73,-5.46,-5.16,-2.89,-2.89,-2.88
149.26,2.85,5.77,2.85,5.77,-5.77,-5.53,-5.11,-2.92,-2.93,-2.92
150.75,2.84,5.81,2.85,5.81,-5.81,-5.59,-5.07,-2.97,-2.96,-2.97
152.26,2.85,5.85,2.85,5.85,-5.85,-5.64,-5.03,-3.00,-3.00,-3.00
153.78,2.85,5.88,2.85,5.88,-5.88,-5.70,-4.99,-3.03,-3.03,-3.03
155.32,2.85,5.92,2.85,5.92,-5.92,-5.76,-4.95,-3.07,-3.07,-3.07
156.88,2.85,5.95,2.85,5.95,-5.95,-5.81,-4.92,-3.10,-3.10,-3.10
158.44,2.84,5.98,2.85,5.98,-5.98,-5.86,-4.88,-3.14,-3.14,-3.14
160.03,2.84,6.02,2.84,6.01,-6.01,-5.91,-4.85,-3.17,-3.17,-3.18
161.63,2.83,6.05,2.84,6.04,-6.04,-5.96,-4.82,-3.21,-3.21,-3.22
163.24,2.83,6.07,2.83,6.07,-6.07,-6.01,-4.79,-3.24,-3.24,-3.24
164.88,2.83,6.10,2.83,6.10,-6.10,-6.05,-4.77,-3.27,-3.28,-3.27
166.53,2.82,6.13,2.82,6.13,-6.13,-6.10,-4.75,-3.31,-3.31,-3.31
168.19,2.81,6.16,2.81,6.16,-6.16,-6.14,-4.74,-3.35,-3.35,-3.35
169.87,2.80,6.19,2.80,6.19,-6.19,-6.18,-4.72,-3.39,-3.38,-3.38
171.57,2.79,6.21,2.79,6.22,-6.22,-6.21,-4.71,-3.42,-3.42,-3.42
173.29,2.78,6.23,2.78,6.24,-6.24,-6.24,-4.71,-3.46,-3.46,-3.45
175.02,2.77,6.26,2.77,6.27,-6.27,-6.28,-4.71,-3.50,-3.50,-3.49
176.77,2.75,6.29,2.76,6.30,-6.30,-6.30,-4.71,-3.54,-3.54,-3.54
178.54,2.74,6.32,2.74,6.32,-6.32,-6.33,-4.71,-3.57,-3.58,-3.58
180.32,2.72,6.34,2.72,6.34,-6.34,-6.35,-4.72,-3.61,-3.62,-3.62
182.13,2.70,6.36,2.70,6.35,-6.35,-6.37,-4.74,-3.65,-3.66,-3.66
183.95,2.67,6.38,2.67,6.37,-6.37,-6.39,-4.75,-3.70,-3.70,-3.70
185.79,2.65,6.39,2.64,6.38,-6.38,-6.40,-4.78,-3.73,-3.74,-3.74
187.65,2.62,6.41,2.61,6.39,-6.39,-6.42,-4.80,-3.77,-3.78,-3.78
189.52,2.58,6.40,2.58,6.39,-6.39,-6.42,-4.83,-3.81,-3.81,-3.82
191.42,2.56,6.42,2.55,6.40,-6.40,-6.43,-4.86,-3.84,-3.85,-3.85
193.33,2.52,6.40,2.51,6.40,-6.40,-6.43,-4.89,-3.88,-3.88,-3.88
195.27,2.48,6.39,2.48,6.40,-6.40,-6.43,-4.93,-3.91,-3.92,-3.91
197.22,2.43,6.37,2.44,6.39,-6.39,-6.43,-4.97,-3.96,-3.95,-3.94
199.19,2.40,6.39,2.41,6.39,-6.39,-6.42,-5.01,-3.98,-3.98,-3.99
201.18,2.36,6.37,2.37,6.38,-6.38,-6.41,-5.05,-4.02,-4.01,-4.01
203.19,2.32,6.35,2.34,6.37,-6.37,-6.39,-5.10,-4.05,-4.03,-4.03
205.23,2.29,6.35,2.31,6.37,-6.37,-6.37,-5.14,-4.07,-4.06,-4.06
207.28,2.26,6.33,2.27,6.36,-6.36,-6.35,-5.19,-4.10,-4.08,-4.07
209.35,2.23,6.34,2.24,6.35,-6.35,-6.32,-5.24,-4.12,-4.11,-4.11
211.44,2.21,6.35,2.21,6.34,-6.34,-6.29,-5.28,-4.13,-4.13,-4.13
213.56,2.17,6.32,2.17,6.32,-6.32,-6.26,-5.33,-4.15,-4.15,-4.15
215.69,2.14,6.30,2.14,6.30,-6.30,-6.22,-5.38,-4.16,-4.16,-4.16
217.85,2.11,6.28,2.10,6.28,-6.28,-6.18,-5.42,-4.17,-4.18,-4.17
220.03,2.07,6.27,2.07,6.26,-6.26,-6.13,-5.46,-4.19,-4.19,-4.20
222.23,2.04,6.25,2.03,6.23,-6.23,-6.08,-5.50,-4.18,-4.20,-4.21
224.45,1.99,6.20,1.98,6.19,-6.19,-6.03,-5.53,-4.20,-4.21,-4.21
226.70,1.93,6.15,1.93,6.15,-6.15,-5.97,-5.56,-4.21,-4.21,-4.22
228.96,1.88,6.10,1.88,6.10,-6.10,-5.90,-5.59,-4.21,-4.22,-4.22
231.25,1.82,6.04,1.82,6.04,-6.04,-5.83,-5.60,-4.22,-4.22,-4.22
233.57,1.75,5.96,1.76,5.97,-5.97,-5.76,-5.61,-4.22,-4.21,-4.21
235.90,1.68,5.89,1.69,5.90,-5.90,-5.69,-5.62,-4.21,-4.21,-4.21
238.26,1.62,5.83,1.61,5.82,-5.82,-5.60,-5.61,-4.19,-4.20,-4.21
240.64,1.54,5.73,1.54,5.73,-5.73,-5.52,-5.59,-4.19,-4.19,-4.19
243.05,1.46,5.64,1.46,5.64,-5.64,-5.43,-5.57,-4.17,-4.18,-4.18
245.48,1.37,5.53,1.37,5.54,-5.54,-5.33,-5.54,-4.17,-4.17,-4.16
247.93,1.28,5.43,1.28,5.43,-5.43,-5.23,-5.49,-4.15,-4.15,-4.15
250.41,1.19,5.33,1.19,5.32,-5.32,-5.12,-5.44,-4.13,-4.13,-4.14
252.92,1.09,5.20,1.09,5.21,-5.21,-5.01,-5.37,-4.12,-4.11,-4.11
255.45,0.98,5.07,0.99,5.09,-5.09,-4.90,-5.29,-4.11,-4.10,-4.09
258.00,0.88,4.95,0.89,4.97,-4.97,-4.78,-5.21,-4.09,-4.08,-4.07
260.58,0.78,4.84,0.78,4.84,-4.84,-4.65,-5.11,-4.06,-4.05,-4.06
263.19,0.67,4.71,0.67,4.71,-4.71,-4.52,-5.00,-4.03,-4.03,-4.03
265.82,0.56,4.57,0.56,4.57,-4.57,-4.39,-4.88,-4.01,-4.01,-4.01
268.48,0.44,4.43,0.44,4.43,-4.43,-4.25,-4.76,-3.98,-3.99,-3.99
271.16,0.32,4.28,0.32,4.28,-4.28,-4.10,-4.62,-3.96,-3.96,-3.96
273.87,0.18,4.12,0.19,4.13,-4.13,-3.95,-4.48,-3.95,-3.94,-3.94
276.61,0.05,3.96,0.05,3.97,-3.97,-3.80,-4.33,-3.92,-3.92,-3.91
279.38,-0.08,3.82,-0.09,3.81,-3.81,-3.63,-4.18,-3.89,-3.89,-3.90
282.17,-0.23,3.64,-0.23,3.64,-3.64,-3.47,-4.02,-3.87,-3.87,-3.87
284.99,-0.38,3.47,-0.38,3.47,-3.47,-3.30,-3.85,-3.84,-3.85,-3.85
287.84,-0.54,3.28,-0.54,3.28,-3.28,-3.12,-3.68,-3.82,-3.82,-3.82
290.72,-0.70,3.09,-0.70,3.09,-3.09,-2.93,-3.50,-3.79,-3.79,-3.79
293.63,-0.87,2.91,-0.87,2.89,-2.89,-2.75,-3.32,-3.76,-3.76,-3.77
296.57,-1.05,2.69,-1.05,2.69,-2.69,-2.55,-3.14,-3.74,-3.74,-3.74
299.53,-1.23,2.48,-1.23,2.47,-2.47,-2.35,-2.95,-3.70,-3.71,-3.71
302.53,-1.42,2.27,-1.42,2.25,-2.25,-2.15,-2.77,-3.67,-3.68,-3.69
305.55,-1.62,2.02,-1.62,2.03,-2.03,-1.93,-2.58,-3.65,-3.65,-3.64
308.61,-1.82,1.80,-1.82,1.79,-1.79,-1.72,-2.39,-3.61,-3.62,-3.62
311.69,-2.03,1.55,-2.03,1.55,-1.55,-1.49,-2.20,-3.58,-3.58,-3.58
314.81,-2.24,1.31,-2.25,1.31,-1.31,-1.27,-2.00,-3.54,-3.55,-3.54
317.96,-2.47,1.05,-2.47,1.05,-1.05,-1.03,-1.81,-3.52,-3.52,-3.52
321.14,-2.69,0.80,-2.69,0.80,-0.80,-0.79,-1.61,-3.49,-3.49,-3.49
324.35,-2.93,0.54,-2.92,0.55,-0.55,-0.55,-1.42,-3.48,-3.46,-3.47
327.59,-3.17,0.26,-3.15,0.29,-0.29,-0.29,-1.22,-3.46,-3.44,-3.43
330.87,-3.41,-0.01,-3.38,0.02,-0.02,-0.04,-1.03,-3.43,-3.41,-3.40
334.18,-3.66,-0.27,-3.63,-0.25,0.25,0.22,-0.83,-3.41,-3.38,-3.39
337.52,-3.90,-0.54,-3.89,-0.53,0.53,0.49,-0.64,-3.37,-3.36,-3.36
340.90,-4.16,-0.83,-4.15,-0.82,0.82,0.76,-0.44,-3.34,-3.34,-3.33
344.30,-4.41,-1.09,-4.43,-1.12,1.12,1.04,-0.24,-3.29,-3.31,-3.31
347.75,-4.67,-1.38,-4.72,-1.43,1.43,1.33,-0.05,-3.24,-3.29,-3.29
351.23,-4.92,-1.65,-5.01,-1.74,1.74,1.61,0.15,-3.18,-3.27,-3.27
354.74,-5.20,-1.95,-5.31,-2.06,2.06,1.90,0.35,-3.14,-3.25,-3.25
358.28,-5.56,-2.32,-5.62,-2.39,2.39,2.20,0.54,-3.17,-3.23,-3.23
361.87,-5.91,-2.69,-5.93,-2.71,2.71,2.49,0.74,-3.19,-3.21,-3.22
365.49,-6.25,-3.06,-6.24,-3.04,3.04,2.79,0.94,-3.21,-3.20,-3.19
369.14,-6.58,-3.40,-6.54,-3.37,3.37,3.09,1.14,-3.21,-3.18,-3.18
372.83,-6.89,-3.73,-6.85,-3.69,3.69,3.39,1.33,-3.20,-3.16,-3.16
376.56,-7.18,-4.03,-7.14,-4.00,4.00,3.68,1.53,-3.18,-3.14,-3.15
380.33,-7.46,-4.34,-7.42,-4.30,4.30,3.97,1.73,-3.16,-3.12,-3.12
384.13,-7.71,-4.61,-7.68,-4.58,4.58,4.26,1.93,-3.13,-3.10,-3.10
387.97,-7.95,-4.87,-7.92,-4.84,4.84,4.54,2.13,-3.11,-3.08,-3.08
391.85,-8.17,-5.11,-8.14,-5.08,5.08,4.81,2.33,-3.09,-3.06,-3.06
395.77,-8.35,-5.31,-8.34,-5.30,5.30,5.07,2.52,-3.05,-3.04,-3.03
399.73,-8.51,-5.49,-8.50,-5.48,5.48,5.32,2.72,-3.03,-3.02,-3.02
403.72,-8.66,-5.66,-8.64,-5.65,5.65,5.55,2.92,-3.01,-3.00,-3.00
407.76,-8.78,-5.80,-8.76,-5.79,5.79,5.76,3.11,-2.99,-2.98,-2.98
411.84,-8.87,-5.92,-8.86,-5.90,5.90,5.95,3.31,-2.96,-2.95,-2.95
415.96,-8.93,-6.00,-8.93,-6.00,6.00,6.11,3.50,-2.93,-2.93,-2.93
420.12,-8.98,-6.07,-8.98,-6.07,6.07,6.25,3.69,-2.91,-2.91,-2.91
424.32,-9.00,-6.11,-9.00,-6.11,6.11,6.36,3.88,-2.89,-2.89,-2.88
428.56,-9.00,-6.13,-9.00,-6.14,6.14,6.44,4.06,-2.86,-2.87,-2.87
432.85,-8.99,-6.14,-8.98,-6.14,6.14,6.49,4.24,-2.85,-2.84,-2.85
437.18,-8.95,-6.13,-8.93,-6.12,6.12,6.51,4.42,-2.83,-2.82,-2.82
441.55,-8.90,-6.11,-8.87,-6.08,6.08,6.51,4.59,-2.82,-2.79,-2.79
445.96,-8.85,-6.08,-8.79,-6.03,6.03,6.47,4.75,-2.82,-2.77,-2.77
450.42,-8.72,-5.97,-8.69,-5.95,5.95,6.42,4.91,-2.76,-2.74,-2.75
454.93,-8.59,-5.88,-8.58,-5.87,5.87,6.33,5.05,-2.72,-2.71,-2.71
459.48,-8.45,-5.76,-8.46,-5.77,5.77,6.23,5.19,-2.67,-2.69,-2.69
464.07,-8.31,-5.65,-8.33,-5.67,5.67,6.11,5.32,-2.64,-2.66,-2.66
468.71,-8.17,-5.54,-8.19,-5.56,5.56,5.98,5.43,-2.61,-2.63,-2.62
473.40,-8.02,-5.41,-8.04,-5.44,5.44,5.83,5.54,-2.58,-2.60,-2.60
478.13,-7.87,-5.29,-7.89,-5.31,5.31,5.68,5.63,-2.56,-2.58,-2.58
482.91,-7.72,-5.17,-7.73,-5.19,5.19,5.51,5.71,-2.53,-2.55,-2.55
487.74,-7.57,-5.05,-7.58,-5.06,5.06,5.34,5.77,-2.51,-2.52,-2.52
492.62,-7.41,-4.92,-7.43,-4.93,4.93,5.16,5.82,-2.47,-2.49,-2.49
497.55,-7.26,-4.79,-7.27,-4.81,4.81,4.98,5.85,-2.45,-2.46,-2.47
502.52,-7.12,-4.69,-7.13,-4.69,4.69,4.80,5.87,-2.42,-2.44,-2.43
507.55,-6.97,-4.56,-6.98,-4.58,4.58,4.62,5.87,-2.39,-2.41,-2.41
512.62,-6.83,-4.45,-6.84,-4.46,4.46,4.44,5.86,-2.37,-2.38,-2.38
517.75,-6.68,-4.33,-6.70,-4.34,4.34,4.26,5.83,-2.34,-2.35,-2.35
522.93,-6.55,-4.23,-6.55,-4.23,4.23,4.09,5.79,-2.32,-2.33,-2.32
528.16,-6.41,-4.11,-6.40,-4.11,4.11,3.91,5.73,-2.30,-2.30,-2.30
533.44,-6.27,-4.00,-6.26,-3.99,3.99,3.74,5.66,-2.28,-2.27,-2.27
538.77,-6.14,-3.90,-6.10,-3.86,3.86,3.58,5.58,-2.28,-2.24,-2.24
544.16,-5.99,-3.78,-5.95,-3.74,3.74,3.41,5.49,-2.25,-2.22,-2.21
549.60,-5.84,-3.65,-5.80,-3.62,3.62,3.25,5.39,-2.22,-2.19,-2.18
555.10,-5.69,-3.52,-5.65,-3.49,3.49,3.10,5.28,-2.19,-2.16,-2.16
560.65,-5.52,-3.39,-5.51,-3.38,3.38,2.94,5.16,-2.14,-2.13,-2.12
566.25,-5.36,-3.26,-5.37,-3.27,3.27,2.80,5.04,-2.09,-2.10,-2.10
571.92,-5.19,-3.11,-5.23,-3.16,3.16,2.65,4.91,-2.03,-2.07,-2.08
577.64,-5.05,-3.00,-5.10,-3.06,3.06,2.51,4.77,-1.99,-2.04,-2.05
583.41,-4.91,-2.89,-4.97,-2.96,2.96,2.38,4.63,-1.95,-2.01,-2.02
589.25,-4.78,-2.80,-4.84,-2.87,2.87,2.25,4.48,-1.91,-1.97,-1.98
595.14,-4.68,-2.73,-4.72,-2.78,2.78,2.12,4.34,-1.90,-1.94,-1.95
601.09,-4.59,-2.67,-4.61,-2.70,2.70,2.00,4.19,-1.89,-1.91,-1.92
607.10,-4.50,-2.62,-4.49,-2.62,2.62,1.88,4.04,-1.88,-1.88,-1.88
613.17,-4.41,-2.57,-4.38,-2.53,2.53,1.76,3.88,-1.87,-1.84,-1.84
619.30,-4.31,-2.50,-4.26,-2.45,2.45,1.65,3.73,-1.86,-1.81,-1.81
625.50,-4.20,-2.43,-4.15,-2.37,2.37,1.54,3.58,-1.83,-1.78,-1.77
631.75,-4.08,-2.33,-4.03,-2.28,2.28,1.44,3.42,-1.80,-1.75,-1.75
638.07,-3.95,-2.24,-3.91,-2.19,2.19,1.34,3.27,-1.76,-1.71,-1.71
644.45,-3.80,-2.11,-3.78,-2.09,2.09,1.24,3.12,-1.71,-1.68,-1.69
650.89,-3.65,-2.00,-3.64,-1.99,1.99,1.15,2.96,-1.66,-1.66,-1.65
657.40,-3.50,-1.87,-3.51,-1.88,1.88,1.06,2.81,-1.62,-1.63,-1.63
663.98,-3.35,-1.75,-3.36,-1.76,1.76,0.97,2.66,-1.59,-1.61,-1.60
670.62,-3.20,-1.62,-3.22,-1.64,1.64,0.88,2.51,-1.56,-1.58,-1.58
677.32,-3.05,-1.49,-3.07,-1.51,1.51,0.80,2.36,-1.54,-1.56,-1.56
684.10,-2.92,-1.38,-2.93,-1.39,1.39,0.72,2.22,-1.53,-1.54,-1.54
690.94,-2.78,-1.27,-2.79,-1.27,1.27,0.65,2.07,-1.51,-1.52,-1.51
697.85,-2.64,-1.14,-2.65,-1.15,1.15,0.57,1.92,-1.49,-1.50,-1.50
704.83,-2.50,-1.02,-2.51,-1.03,1.03,0.50,1.78,-1.47,-1.48,-1.48
711.87,-2.37,-0.91,-2.38,-0.92,0.92,0.43,1.64,-1.45,-1.46,-1.46
718.99,-2.24,-0.79,-2.25,-0.81,0.81,0.36,1.50,-1.43,-1.44,-1.45
726.18,-2.13,-0.70,-2.12,-0.70,0.70,0.30,1.36,-1.43,-1.42,-1.43
733.44,-2.00,-0.59,-1.99,-0.59,0.59,0.23,1.22,-1.41,-1.40,-1.41
740.78,-1.88,-0.50,-1.87,-0.49,0.49,0.17,1.08,-1.39,-1.38,-1.38
748.19,-1.76,-0.40,-1.75,-0.38,0.38,0.11,0.95,-1.38,-1.36,-1.36
755.67,-1.63,-0.28,-1.62,-0.28,0.28,0.05,0.81,-1.35,-1.35,-1.35
763.23,-1.51,-0.18,-1.50,-0.18,0.18,-0.00,0.68,-1.33,-1.33,-1.33
770.86,-1.40,-0.09,-1.38,-0.07,0.07,-0.06,0.55,-1.32,-1.31,-1.31
778.57,-1.28,0.01,-1.27,0.02,-0.02,-0.11,0.42,-1.30,-1.29,-1.29
786.35,-1.16,0.11,-1.15,0.12,-0.12,-0.16,0.29,-1.28,-1.28,-1.27
794.22,-1.04,0.22,-1.04,0.22,-0.22,-0.21,0.16,-1.26,-1.26,-1.26
802.16,-0.93,0.31,-0.93,0.32,-0.32,-0.27,0.04,-1.25,-1.25,-1.24
810.18,-0.83,0.40,-0.83,0.41,-0.41,-0.31,-0.09,-1.24,-1.24,-1.23
818.28,-0.72,0.51,-0.73,0.50,-0.50,-0.36,-0.21,-1.22,-1.23,-1.23
826.46,-0.63,0.58,-0.63,0.59,-0.59,-0.41,-0.33,-1.22,-1.22,-1.21
834.73,-0.54,0.68,-0.55,0.67,-0.67,-0.46,-0.44,-1.21,-1.22,-1.22
843.08,-0.46,0.75,-0.47,0.75,-0.75,-0.50,-0.56,-1.21,-1.22,-1.21
851.51,-0.38,0.84,-0.39,0.83,-0.83,-0.55,-0.67,-1.20,-1.22,-1.22
860.02,-0.32,0.89,-0.32,0.90,-0.90,-0.60,-0.78,-1.21,-1.22,-1.21
868.62,-0.26,0.96,-0.26,0.96,-0.96,-0.64,-0.89,-1.22,-1.22,-1.22
877.31,-0.21,1.01,-0.21,1.02,-1.02,-0.69,-0.99,-1.23,-1.23,-1.22
886.08,-0.16,1.07,-0.16,1.07,-1.07,-0.73,-1.09,-1.23,-1.23,-1.23
894.94,-0.12,1.11,-0.12,1.12,-1.12,-0.78,-1.18,-1.23,-1.24,-1.23
903.89,-0.09,1.15,-0.09,1.16,-1.16,-0.82,-1.27,-1.24,-1.25,-1.24
912.93,-0.06,1.19,-0.06,1.19,-1.19,-0.87,-1.36,-1.25,-1.25,-1.25
922.06,-0.04,1.21,-0.04,1.22,-1.22,-0.91,-1.44,-1.26,-1.26,-1.25
931.28,-0.02,1.25,-0.02,1.24,-1.24,-0.96,-1.51,-1.26,-1.26,-1.27
940.59,-0.01,1.26,-0.01,1.26,-1.26,-1.00,-1.58,-1.27,-1.27,-1.27
950.00,0.00,1.29,-0.00,1.27,-1.27,-1.04,-1.65,-1.27,-1.27,-1.28
959.50,0.00,1.29,0.00,1.28,-1.28,-1.09,-1.71,-1.28,-1.28,-1.28
969.09,0.00,1.28,0.01,1.29,-1.29,-1.13,-1.76,-1.29,-1.28,-1.27
978.78,0.01,1.30,0.01,1.29,-1.29,-1.17,-1.80,-1.28,-1.28,-1.28
988.57,0.01,1.30,0.00,1.29,-1.29,-1.20,-1.84,-1.28,-1.28,-1.28
998.46,0.00,1.29,-0.00,1.28,-1.28,-1.24,-1.87,-1.28,-1.28,-1.28
1008.44,-0.01,1.27,-0.00,1.28,-1.28,-1.27,-1.90,-1.29,-1.28,-1.27
1018.53,-0.01,1.27,-0.01,1.27,-1.27,-1.30,-1.92,-1.28,-1.28,-1.27
1028.71,-0.02,1.25,-0.01,1.27,-1.27,-1.32,-1.93,-1.28,-1.28,-1.26
1039.00,-0.02,1.25,-0.01,1.26,-1.26,-1.34,-1.94,-1.27,-1.27,-1.26
1049.39,-0.02,1.25,-0.01,1.25,-1.25,-1.36,-1.94,-1.27,-1.26,-1.26
1059.88,-0.02,1.24,-0.01,1.24,-1.24,-1.37,-1.93,-1.25,-1.25,-1.25
1070.48,-0.02,1.22,-0.01,1.22,-1.22,-1.37,-1.92,-1.24,-1.24,-1.23
1081.19,-0.01,1.22,-0.01,1.21,-1.21,-1.37,-1.91,-1.22,-1.22,-1.22
1092.00,0.00,1.21,-0.00,1.19,-1.19,-1.36,-1.88,-1.19,-1.20,-1.20
1102.92,0.02,1.20,0.01,1.18,-1.18,-1.35,-1.86,-1.16,-1.17,-1.17
1113.95,0.03,1.19,0.02,1.16,-1.16,-1.34,-1.83,-1.13,-1.14,-1.15
1125.09,0.04,1.16,0.04,1.15,-1.15,-1.32,-1.79,-1.11,-1.11,-1.11
1136.34,0.06,1.14,0.06,1.13,-1.13,-1.29,-1.76,-1.07,-1.06,-1.07
1147.70,0.09,1.11,0.09,1.11,-1.11,-1.27,-1.72,-1.02,-1.02,-1.01
1159.18,0.11,1.08,0.13,1.09,-1.09,-1.24,-1.67,-0.98,-0.96,-0.96
1170.77,0.15,1.07,0.17,1.08,-1.08,-1.21,-1.63,-0.93,-0.91,-0.91
1182.48,0.20,1.05,0.22,1.06,-1.06,-1.17,-1.58,-0.86,-0.84,-0.84
1194.30,0.26,1.05,0.27,1.05,-1.05,-1.14,-1.53,-0.79,-0.78,-0.78
1206.25,0.32,1.03,0.33,1.03,-1.03,-1.10,-1.48,-0.71,-0.70,-0.70
1218.31,0.39,1.02,0.40,1.02,-1.02,-1.07,-1.43,-0.63,-0.63,-0.62
1230.49,0.46,1.01,0.47,1.01,-1.01,-1.04,-1.37,-0.55,-0.55,-0.54
1242.80,0.54,1.01,0.54,1.00,-1.00,-1.00,-1.32,-0.46,-0.46,-0.46
1255.22,0.62,1.00,0.62,0.99,-0.99,-0.97,-1.27,-0.37,-0.37,-0.37
1267.78,0.71,1.00,0.70,0.98,-0.98,-0.93,-1.21,-0.27,-0.28,-0.28
1280.45,0.79,0.99,0.79,0.98,-0.98,-0.90,-1.16,-0.18,-0.19,-0.19
1293.26,0.88,0.98,0.87,0.97,-0.97,-0.87,-1.10,-0.09,-0.10,-0.09
1306.19,0.96,0.97,0.96,0.96,-0.96,-0.84,-1.05,0.00,0.00,-0.00
1319.25,1.04,0.95,1.04,0.95,-0.95,-0.81,-0.99,0.09,0.10,0.10
1332.45,1.13,0.94,1.13,0.94,-0.94,-0.78,-0.94,0.19,0.19,0.20
1345.77,1.21,0.93,1.21,0.93,-0.93,-0.75,-0.88,0.28,0.28,0.29
1359.23,1.29,0.91,1.30,0.92,-0.92,-0.72,-0.83,0.37,0.38,0.39
1372.82,1.38,0.90,1.38,0.91,-0.91,-0.70,-0.78,0.47,0.47,0.49
1386.55,1.46,0.90,1.46,0.90,-0.90,-0.67,-0.72,0.56,0.55,0.57
1400.41,1.54,0.89,1.53,0.89,-0.89,-0.64,-0.67,0.65,0.64,0.66
1414.42,1.61,0.88,1.61,0.88,-0.88,-0.62,-0.62,0.73,0.73,0.74
1428.56,1.69,0.87,1.68,0.87,-0.87,-0.59,-0.57,0.82,0.81,0.83
1442.85,1.76,0.86,1.76,0.86,-0.86,-0.57,-0.52,0.90,0.89,0.91
1457.28,1.83,0.86,1.83,0.85,-0.85,-0.55,-0.47,0.98,0.98,0.98
1471.85,1.90,0.85,1.90,0.83,-0.83,-0.52,-0.42,1.07,1.07,1.06
1486.57,1.97,0.84,1.97,0.82,-0.82,-0.50,-0.37,1.15,1.15,1.14
1501.43,2.03,0.81,2.04,0.80,-0.80,-0.48,-0.32,1.23,1.24,1.23
1516.45,2.10,0.78,2.11,0.78,-0.78,-0.46,-0.28,1.32,1.34,1.33
1531.61,2.17,0.75,2.19,0.75,-0.75,-0.43,-0.23,1.42,1.44,1.43
1546.93,2.24,0.72,2.26,0.72,-0.72,-0.41,-0.18,1.52,1.54,1.53
1562.40,2.31,0.67,2.33,0.69,-0.69,-0.39,-0.14,1.62,1.64,1.65
1578.02,2.38,0.63,2.40,0.65,-0.65,-0.37,-0.09,1.73,1.75,1.76
1593.80,2.46,0.61,2.47,0.60,-0.60,-0.35,-0.05,1.86,1.87,1.86
1609.74,2.53,0.55,2.53,0.55,-0.55,-0.33,-0.01,1.98,1.99,1.99
1625.84,2.60,0.50,2.59,0.48,-0.48,-0.31,0.04,2.12,2.11,2.11
1642.10,2.67,0.44,2.64,0.41,-0.41,-0.29,0.08,2.26,2.23,2.24
1658.52,2.72,0.36,2.68,0.32,-0.32,-0.26,0.12,2.40,2.35,2.37
1675.10,2.76,0.28,2.71,0.23,-0.23,-0.24,0.16,2.53,2.48,2.49
1691.85,2.79,0.19,2.73,0.12,-0.12,-0.22,0.20,2.67,2.61,2.61
1708.77,2.82,0.09,2.74,0.01,-0.01,-0.20,0.24,2.81,2.73,2.74
1725.86,2.83,-0.03,2.75,-0.11,0.11,-0.18,0.28,2.94,2.86,2.87
1743.12,2.83,-0.16,2.77,-0.22,0.22,-0.16,0.31,3.05,2.99,3.00
1760.55,2.83,-0.29,2.79,-0.32,0.32,-0.14,0.35,3.16,3.12,3.13
1778.15,2.82,-0.43,2.84,-0.42,0.42,-0.12,0.38,3.24,3.25,3.26
1795.94,2.83,-0.54,2.90,-0.49,0.49,-0.09,0.42,3.32,3.38,3.38
1813.90,2.87,-0.63,2.98,-0.53,0.53,-0.07,0.45,3.41,3.52,3.51
1832.03,2.94,-0.70,3.10,-0.55,0.55,-0.05,0.48,3.50,3.65,3.65
1850.36,3.08,-0.70,3.24,-0.55,0.55,-0.03,0.51,3.63,3.79,3.79
1868.86,3.24,-0.67,3.41,-0.52,0.52,-0.00,0.54,3.76,3.93,3.92
1887.55,3.46,-0.59,3.61,-0.46,0.46,0.02,0.56,3.92,4.07,4.06
1906.42,3.74,-0.45,3.83,-0.38,0.38,0.04,0.59,4.12,4.21,4.20
1925.49,4.03,-0.30,4.06,-0.28,0.28,0.07,0.61,4.32,4.35,4.34
1944.74,4.33,-0.15,4.30,-0.18,0.18,0.09,0.63,4.51,4.48,4.49
1964.19,4.63,-0.00,4.55,-0.07,0.07,0.12,0.65,4.70,4.62,4.64
1983.83,4.90,0.14,4.79,0.04,-0.04,0.14,0.67,4.86,4.75,4.77
2003.67,5.16,0.26,5.01,0.14,-0.14,0.17,0.69,5.02,4.88,4.91
2023.71,5.36,0.35,5.22,0.22,-0.22,0.20,0.71,5.14,5.00,5.02
2043.94,5.52,0.39,5.41,0.29,-0.29,0.22,0.72,5.23,5.12,5.14
2064.38,5.65,0.41,5.57,0.33,-0.33,0.25,0.73,5.32,5.24,5.25
2085.03,5.74,0.40,5.70,0.35,-0.35,0.28,0.75,5.39,5.35,5.35
2105.88,5.81,0.36,5.81,0.35,-0.35,0.31,0.76,5.46,5.46,5.46
2126.94,5.87,0.32,5.89,0.33,-0.33,0.34,0.76,5.55,5.57,5.56
2148.20,5.92,0.26,5.95,0.28,-0.28,0.38,0.77,5.64,5.67,5.67
2169.69,5.96,0.20,5.99,0.22,-0.22,0.41,0.78,5.74,5.77,5.77
2191.38,5.99,0.14,6.02,0.15,-0.15,0.45,0.78,5.84,5.87,5.86
2213.30,6.01,0.06,6.04,0.07,-0.07,0.48,0.79,5.94,5.97,5.96
2235.43,6.02,-0.03,6.04,-0.02,0.02,0.52,0.79,6.04,6.06,6.06
2257.78,6.04,-0.11,6.05,-0.11,0.11,0.56,0.79,6.15,6.16,6.16
2280.36,6.04,-0.20,6.05,-0.20,0.20,0.60,0.80,6.25,6.25,6.25
2303.17,6.03,-0.30,6.04,-0.30,0.30,0.65,0.80,6.33,6.34,6.34
2326.20,6.03,-0.40,6.03,-0.40,0.40,0.70,0.80,6.43,6.43,6.44
2349.46,6.01,-0.51,6.02,-0.49,0.49,0.75,0.80,6.50,6.51,6.53
2372.95,6.00,-0.60,6.00,-0.59,0.59,0.80,0.80,6.59,6.59,6.61
2396.68,5.97,-0.70,5.97,-0.68,0.68,0.85,0.80,6.66,6.66,6.68
2420.65,5.94,-0.79,5.94,-0.78,0.78,0.91,0.80,6.72,6.73,6.74
2444.86,5.91,-0.88,5.91,-0.88,0.88,0.97,0.80,6.79,6.79,6.80
2469.31,5.86,-0.99,5.87,-0.98,0.98,1.04,0.80,6.84,6.85,6.86
2494.00,5.83,-1.08,5.83,-1.08,1.08,1.11,0.80,6.91,6.91,6.92
2518.94,5.77,-1.19,5.78,-1.18,1.18,1.19,0.80,6.95,6.96,6.97
2544.13,5.73,-1.27,5.73,-1.28,1.28,1.27,0.80,7.01,7.01,7.01
2569.57,5.66,-1.38,5.67,-1.39,1.39,1.36,0.81,7.05,7.06,7.05
2595.27,5.61,-1.49,5.60,-1.51,1.51,1.45,0.81,7.12,7.11,7.11
2621.22,5.54,-1.60,5.53,-1.63,1.63,1.55,0.81,7.17,7.16,7.15
2647.43,5.46,-1.73,5.45,-1.75,1.75,1.66,0.81,7.22,7.20,7.20
2673.90,5.38,-1.86,5.36,-1.89,1.89,1.77,0.82,7.27,7.25,7.25
2700.64,5.29,-1.99,5.26,-2.03,2.03,1.89,0.82,7.33,7.29,7.29
2727.65,5.18,-2.15,5.15,-2.18,2.18,2.02,0.83,7.37,7.34,7.34
2754.93,5.08,-2.29,5.04,-2.34,2.34,2.16,0.83,7.42,7.38,7.38
2782.48,4.96,-2.46,4.93,-2.50,2.50,2.31,0.84,7.46,7.42,7.43
2810.30,4.84,-2.62,4.81,-2.65,2.65,2.46,0.84,7.50,7.46,7.47
2838.40,4.71,-2.79,4.69,-2.81,2.81,2.61,0.85,7.52,7.50,7.51
2866.79,4.59,-2.94,4.59,-2.96,2.96,2.77,0.86,7.55,7.54,7.54
2895.46,4.47,-3.10,4.48,-3.09,3.09,2.92,0.87,7.56,7.57,7.58
2924.41,4.36,-3.23,4.40,-3.21,3.21,3.07,0.88,7.57,7.60,7.60
2953.65,4.27,-3.35,4.32,-3.31,3.31,3.20,0.89,7.58,7.63,7.63
2983.19,4.20,-3.44,4.27,-3.38,3.38,3.33,0.90,7.58,7.65,7.65
3013.02,4.15,-3.51,4.23,-3.43,3.43,3.42,0.91,7.58,7.66,7.67
3043.15,4.14,-3.53,4.21,-3.45,3.45,3.50,0.92,7.60,7.67,7.68
3073.58,4.15,-3.52,4.21,-3.46,3.46,3.54,0.93,7.61,7.67,7.68
3104.32,4.18,-3.49,4.22,-3.44,3.44,3.55,0.94,7.62,7.66,7.68
3135.36,4.23,-3.43,4.25,-3.39,3.39,3.52,0.96,7.63,7.65,7.67
3166.72,4.30,-3.34,4.29,-3.33,3.33,3.47,0.97,7.63,7.63,7.65
3198.38,4.38,-3.21,4.34,-3.26,3.26,3.38,0.99,7.64,7.60,7.60
3230.37,4.45,-3.11,4.40,-3.16,3.16,3.27,1.00,7.62,7.57,7.57
3262.67,4.52,-2.99,4.46,-3.06,3.06,3.14,1.02,7.58,7.53,7.52
3295.30,4.58,-2.89,4.53,-2.95,2.95,3.00,1.04,7.53,7.48,7.48
3328.25,4.63,-2.79,4.60,-2.84,2.84,2.85,1.05,7.47,7.43,7.43
3361.53,4.67,-2.70,4.66,-2.71,2.71,2.70,1.07,7.39,7.38,7.38
3395.15,4.72,-2.59,4.73,-2.59,2.59,2.54,1.09,7.31,7.32,7.32
3429.10,4.77,-2.48,4.79,-2.47,2.47,2.39,1.11,7.24,7.26,7.26
3463.39,4.82,-2.35,4.85,-2.34,2.34,2.24,1.13,7.16,7.19,7.18
3498.03,4.88,-2.23,4.90,-2.22,2.22,2.09,1.14,7.10,7.12,7.12
3533.01,4.94,-2.11,4.95,-2.09,2.09,1.95,1.16,7.03,7.04,7.06
3568.34,5.00,-1.97,5.00,-1.96,1.96,1.82,1.18,6.96,6.96,6.98
3604.02,5.06,-1.82,5.05,-1.83,1.83,1.68,1.20,6.89,6.88,6.89
3640.06,5.12,-1.67,5.10,-1.69,1.69,1.56,1.22,6.81,6.79,6.80
3676.46,5.17,-1.53,5.15,-1.55,1.55,1.44,1.24,6.72,6.70,6.71
3713.22,5.21,-1.40,5.20,-1.41,1.41,1.32,1.26,6.62,6.61,6.62
3750.36,5.24,-1.28,5.25,-1.27,1.27,1.20,1.27,6.51,6.51,6.53
3787.86,5.27,-1.13,5.29,-1.12,1.12,1.09,1.29,6.39,6.41,6.41
3825.74,5.30,-1.00,5.33,-0.98,0.98,0.98,1.31,6.28,6.31,6.31
3864.00,5.33,-0.86,5.37,-0.84,0.84,0.87,1.32,6.17,6.20,6.20
3902.64,5.36,-0.72,5.40,-0.70,0.70,0.76,1.34,6.06,6.10,6.09
3941.66,5.39,-0.59,5.42,-0.57,0.57,0.65,1.36,5.96,5.99,5.99
3981.08,5.41,-0.47,5.43,-0.45,0.45,0.55,1.37,5.86,5.88,5.89
4020.89,5.42,-0.34,5.43,-0.34,0.34,0.45,1.39,5.76,5.76,5.77
4061.10,5.43,-0.21,5.41,-0.24,0.24,0.36,1.40,5.68,5.65,5.65
4101.71,5.40,-0.12,5.37,-0.17,0.17,0.27,1.41,5.57,5.54,5.53
4142.73,5.37,-0.04,5.31,-0.11,0.11,0.20,1.43,5.48,5.42,5.42
4184.15,5.31,0.01,5.24,-0.07,0.07,0.14,1.44,5.38,5.31,5.31
4226.00,5.20,0.01,5.14,-0.05,0.05,0.09,1.45,5.25,5.19,5.20
4268.26,5.08,0.01,5.02,-0.05,0.05,0.06,1.46,5.14,5.07,5.08
4310.94,4.93,-0.01,4.88,-0.08,0.08,0.05,1.47,5.01,4.95,4.95
4354.05,4.75,-0.07,4.72,-0.11,0.11,0.05,1.49,4.87,4.83,4.83
4397.59,4.55,-0.15,4.54,-0.16,0.16,0.07,1.50,4.72,4.71,4.71
4441.56,4.34,-0.23,4.36,-0.22,0.22,0.11,1.51,4.57,4.58,4.58
4485.98,4.13,-0.31,4.16,-0.29,0.29,0.17,1.52,4.42,4.45,4.45
4530.84,3.91,-0.40,3.96,-0.35,0.35,0.23,1.54,4.26,4.32,4.32
4576.15,3.69,-0.48,3.76,-0.41,0.41,0.30,1.55,4.10,4.18,4.18
4621.91,3.49,-0.54,3.57,-0.47,0.47,0.38,1.56,3.96,4.03,4.04
4668.13,3.29,-0.59,3.37,-0.51,0.51,0.47,1.58,3.80,3.88,3.89
4714.81,3.10,-0.63,3.18,-0.55,0.55,0.55,1.59,3.65,3.72,3.74
4761.96,2.92,-0.66,2.98,-0.58,0.58,0.64,1.61,3.50,3.56,3.59
4809.58,2.75,-0.66,2.78,-0.61,0.61,0.72,1.62,3.37,3.39,3.42
4857.67,2.57,-0.66,2.57,-0.65,0.65,0.81,1.64,3.22,3.22,3.24
4906.25,2.38,-0.67,2.34,-0.70,0.70,0.88,1.66,3.08,3.04,3.06
4955.31,2.18,-0.67,2.09,-0.76,0.76,0.96,1.68,2.94,2.85,2.86
5004.87,1.96,-0.70,1.82,-0.83,0.83,1.03,1.70,2.79,2.65,2.67
5054.91,1.71,-0.76,1.53,-0.92,0.92,1.10,1.73,2.63,2.46,2.48
5105.46,1.43,-0.84,1.23,-1.02,1.02,1.17,1.75,2.45,2.26,2.28
5156.52,1.09,-0.98,0.93,-1.13,1.13,1.23,1.78,2.22,2.05,2.08
5208.08,0.72,-1.15,0.62,-1.23,1.23,1.29,1.81,1.96,1.85,1.88
5260.16,0.33,-1.34,0.32,-1.34,1.34,1.34,1.84,1.67,1.66,1.68
5312.77,-0.05,-1.52,0.03,-1.43,1.43,1.40,1.87,1.39,1.47,1.48
5365.89,-0.41,-1.69,-0.23,-1.52,1.52,1.45,1.90,1.11,1.29,1.29
5419.55,-0.72,-1.83,-0.47,-1.60,1.60,1.49,1.94,0.88,1.13,1.12
5473.75,-0.93,-1.89,-0.67,-1.66,1.66,1.54,1.98,0.73,0.99,0.97
5528.49,-1.08,-1.90,-0.85,-1.72,1.72,1.58,2.02,0.64,0.87,0.83
5583.77,-1.19,-1.89,-0.99,-1.76,1.76,1.62,2.06,0.57,0.77,0.71
5639.61,-1.20,-1.83,-1.10,-1.80,1.80,1.66,2.11,0.60,0.69,0.64
5696.00,-1.19,-1.76,-1.18,-1.83,1.83,1.70,2.16,0.64,0.65,0.58
5752.96,-1.16,-1.72,-1.23,-1.86,1.86,1.74,2.21,0.70,0.62,0.57
5810.49,-1.13,-1.70,-1.27,-1.89,1.89,1.77,2.26,0.77,0.63,0.58
5868.60,-1.14,-1.75,-1.29,-1.94,1.94,1.81,2.31,0.80,0.66,0.62
5927.28,-1.16,-1.84,-1.30,-2.01,2.01,1.84,2.37,0.85,0.71,0.69
5986.56,-1.20,-1.97,-1.31,-2.10,2.10,1.87,2.43,0.90,0.78,0.78
6046.42,-1.26,-2.12,-1.33,-2.20,2.20,1.90,2.49,0.95,0.88,0.87
6106.89,-1.30,-2.27,-1.34,-2.33,2.33,1.94,2.56,1.03,0.99,0.98
6167.96,-1.34,-2.43,-1.35,-2.47,2.47,1.97,2.63,1.13,1.11,1.10
6229.64,-1.36,-2.58,-1.34,-2.59,2.59,2.00,2.70,1.23,1.25,1.23
6291.93,-1.36,-2.71,-1.31,-2.69,2.69,2.03,2.77,1.34,1.39,1.36
6354.85,-1.35,-2.85,-1.23,-2.76,2.76,2.06,2.84,1.41,1.53,1.51
6418.40,-1.31,-2.96,-1.10,-2.77,2.77,2.09,2.92,1.47,1.67,1.66
6482.58,-1.21,-3.01,-0.92,-2.74,2.74,2.12,3.00,1.53,1.81,1.81
6547.41,-1.07,-3.01,-0.70,-2.65,2.65,2.15,3.08,1.58,1.95,1.95
6612.88,-0.82,-2.89,-0.43,-2.51,2.51,2.18,3.17,1.69,2.08,2.08
6679.01,-0.50,-2.70,-0.14,-2.34,2.34,2.21,3.25,1.85,2.20,2.21
6745.80,-0.11,-2.42,0.15,-2.16,2.16,2.25,3.34,2.06,2.31,2.32
6813.26,0.37,-2.03,0.43,-1.99,1.99,2.28,3.42,2.36,2.41,2.41
6881.39,0.83,-1.64,0.67,-1.83,1.83,2.32,3.51,2.66,2.50,2.48
6950.21,1.27,-1.27,0.87,-1.70,1.70,2.36,3.59,2.97,2.58,2.55
7019.71,1.63,-0.97,1.02,-1.62,1.62,2.40,3.68,3.25,2.64,2.61
7089.91,1.83,-0.83,1.10,-1.59,1.59,2.44,3.76,3.42,2.70,2.67
7160.81,1.90,-0.80,1.13,-1.62,1.62,2.49,3.85,3.52,2.75,2.71
7232.41,1.82,-0.90,1.09,-1.70,1.70,2.54,3.93,3.52,2.79,2.73
7304.74,1.56,-1.18,1.00,-1.84,1.84,2.60,4.00,3.41,2.84,2.75
7377.79,1.24,-1.52,0.86,-2.04,2.04,2.66,4.07,3.28,2.90,2.77
7451.56,0.86,-1.93,0.69,-2.28,2.28,2.72,4.14,3.14,2.96,2.80
7526.08,0.50,-2.33,0.50,-2.55,2.55,2.80,4.20,3.05,3.05,2.84
7601.34,0.21,-2.69,0.32,-2.83,2.83,2.88,4.26,3.04,3.15,2.91
7677.35,-0.04,-3.04,0.15,-3.12,3.12,2.97,4.30,3.08,3.27,3.01
7754.13,-0.15,-3.28,0.02,-3.39,3.39,3.07,4.34,3.25,3.42,3.14
7831.67,-0.19,-3.49,-0.06,-3.65,3.65,3.18,4.37,3.46,3.59,3.31
7909.98,-0.17,-3.69,-0.09,-3.87,3.87,3.31,4.39,3.70,3.77,3.53
7989.08,-0.08,-3.86,-0.09,-4.06,4.06,3.45,4.40,3.98,3.97,3.79
8068.98,0.07,-4.01,-0.05,-4.23,4.23,3.61,4.40,4.30,4.18,4.09
8149.67,0.23,-4.20,0.01,-4.38,4.38,3.79,4.39,4.61,4.39,4.44
8231.16,0.44,-4.36,0.07,-4.52,4.52,3.99,4.37,4.96,4.59,4.81
8313.47,0.64,-4.56,0.10,-4.66,4.66,4.21,4.34,5.31,4.77,5.21
8396.61,0.82,-4.78,0.11,-4.81,4.81,4.45,4.30,5.63,4.92,5.61
8480.57,0.97,-5.04,0.08,-4.95,4.95,4.70,4.25,5.92,5.03,6.02
8565.38,0.99,-5.37,-0.00,-5.09,5.09,4.95,4.19,6.09,5.09,6.37
8651.03,0.93,-5.75,-0.12,-5.23,5.23,5.19,4.13,6.16,5.11,6.69
8737.54,0.76,-6.18,-0.28,-5.34,5.34,5.40,4.06,6.10,5.07,6.95
8824.92,0.39,-6.73,-0.46,-5.43,5.43,5.55,3.98,5.82,4.97,7.13
8913.17,-0.07,-7.30,-0.66,-5.48,5.48,5.63,3.90,5.41,4.82,7.24
9002.30,-0.62,-7.87,-0.86,-5.49,5.49,5.63,3.81,4.87,4.63,7.26
9092.32,-1.24,-8.39,-1.07,-5.45,5.45,5.55,3.73,4.21,4.38,7.16
9183.25,-1.84,-8.79,-1.27,-5.37,5.37,5.42,3.64,3.54,4.11,6.96
9275.08,-2.42,-9.06,-1.45,-5.25,5.25,5.25,3.54,2.84,3.80,6.65
9367.83,-2.91,-9.17,-1.63,-5.10,5.10,5.06,3.45,2.19,3.47,6.27
9461.51,-3.29,-9.06,-1.79,-4.93,4.93,4.87,3.36,1.64,3.13,5.78
9556.12,-3.58,-8.77,-1.94,-4.74,4.74,4.69,3.27,1.16,2.79,5.20
9651.68,-3.76,-8.29,-2.09,-4.54,4.54,4.53,3.18,0.79,2.45,4.54
9748.20,-3.87,-7.68,-2.24,-4.36,4.36,4.40,3.09,0.49,2.12,3.82
9845.68,-3.94,-7.00,-2.38,-4.18,4.18,4.28,3.00,0.25,1.80,3.07
9944.14,-3.99,-6.27,-2.54,-4.03,4.03,4.18,2.92,0.04,1.49,2.29
10043.58,-4.08,-5.58,-2.71,-3.90,3.90,4.09,2.84,-0.18,1.19,1.51
10144.02,-4.19,-4.93,-2.88,-3.79,3.79,4.02,2.76,-0.40,0.91,0.75
10245.46,-4.34,-4.34,-3.07,-3.71,3.71,3.97,2.69,-0.63,0.64,0.01
10347.91,-4.52,-3.84,-3.28,-3.65,3.65,3.92,2.61,-0.87,0.37,-0.67
10451.39,-4.70,-3.40,-3.49,-3.61,3.61,3.89,2.55,-1.09,0.11,-1.29
10555.91,-4.87,-3.03,-3.72,-3.58,3.58,3.86,2.49,-1.29,-0.14,-1.83
10661.46,-5.00,-2.69,-3.97,-3.57,3.57,3.83,2.43,-1.43,-0.39,-2.30
10768.08,-5.09,-2.38,-4.22,-3.58,3.58,3.81,2.37,-1.51,-0.65,-2.70
10875.76,-5.14,-2.13,-4.49,-3.59,3.59,3.80,2.32,-1.55,-0.90,-3.00
10984.52,-5.12,-1.88,-4.76,-3.60,3.60,3.79,2.27,-1.52,-1.16,-3.23
11094.36,-5.05,-1.65,-5.05,-3.62,3.62,3.78,2.23,-1.43,-1.43,-3.39
11205.31,-4.94,-1.45,-5.33,-3.64,3.64,3.77,2.20,-1.30,-1.69,-3.48
11317.36,-4.79,-1.21,-5.62,-3.65,3.65,3.77,2.16,-1.14,-1.96,-3.57
11430.53,-4.61,-0.96,-5.90,-3.66,3.66,3.76,2.13,-0.94,-2.24,-3.64
11544.84,-4.43,-0.71,-6.18,-3.67,3.67,3.75,2.11,-0.76,-2.52,-3.71
11660.29,-4.25,-0.43,-6.47,-3.67,3.67,3.75,2.09,-0.58,-2.80,-3.81
11776.89,-4.11,-0.13,-6.75,-3.67,3.67,3.74,2.08,-0.44,-3.08,-3.97
11894.66,-4.01,0.17,-7.04,-3.67,3.67,3.74,2.07,-0.34,-3.37,-4.17
12013.60,-3.98,0.47,-7.34,-3.68,3.68,3.73,2.06,-0.30,-3.66,-4.44
12133.74,-4.11,0.69,-7.66,-3.71,3.71,3.73,2.07,-0.40,-3.95,-4.79
12255.08,-4.40,0.82,-7.99,-3.74,3.74,3.72,2.07,-0.66,-4.25,-5.21
12377.63,-4.82,0.88,-8.23,-3.72,3.72,3.71,2.09,-1.09,-4.50,-5.69
12501.41,-5.45,0.78,-8.47,-3.71,3.71,3.70,2.11,-1.74,-4.76,-6.22
12626.42,-6.23,0.57,-8.71,-3.69,3.69,3.69,2.13,-2.54,-5.02,-6.79
12752.68,-7.10,0.27,-8.95,-3.68,3.68,3.68,2.16,-3.42,-5.28,-7.36
12880.21,-8.04,-0.12,-9.20,-3.66,3.66,3.67,2.20,-4.38,-5.54,-7.91
13009.01,-9.00,-0.57,-9.44,-3.64,3.64,3.65,2.25,-5.35,-5.80,-8.42
13139.10,-9.90,-1.02,-9.68,-3.63,3.63,3.64,2.31,-6.27,-6.06,-8.87
13270.49,-10.74,-1.51,-9.93,-3.61,3.61,3.62,2.37,-7.13,-6.32,-9.22
13403.20,-11.39,-1.93,-10.17,-3.59,3.59,3.60,2.44,-7.80,-6.58,-9.45
13537.23,-11.92,-2.34,-10.41,-3.57,3.57,3.58,2.53,-8.35,-6.84,-9.57
13672.60,-12.34,-2.75,-10.66,-3.55,3.55,3.56,2.62,-8.79,-7.11,-9.58
13809.33,-12.57,-3.07,-10.90,-3.53,3.53,3.54,2.73,-9.04,-7.37,-9.49
13947.42,-12.73,-3.42,-11.15,-3.51,3.51,3.52,2.84,-9.21,-7.64,-9.30
14086.90,-12.83,-3.79,-11.40,-3.49,3.49,3.49,2.97,-9.33,-7.90,-9.03
14227.77,-12.92,-4.21,-11.65,-3.47,3.47,3.47,3.12,-9.44,-8.17,-8.70
14370.04,-13.04,-4.67,-11.90,-3.45,3.45,3.44,3.27,-9.58,-8.44,-8.36
14513.74,-13.22,-5.16,-12.15,-3.43,3.43,3.41,3.44,-9.78,-8.71,-8.05
14658.88,-13.55,-5.76,-12.40,-3.41,3.41,3.39,3.62,-10.14,-8.99,-7.78
14805.47,-14.01,-6.40,-12.65,-3.39,3.39,3.36,3.81,-10.62,-9.26,-7.60
14953.52,-14.55,-7.00,-12.91,-3.37,3.37,3.33,4.01,-11.18,-9.53,-7.54
15103.06,-15.14,-7.51,-13.16,-3.35,3.35,3.30,4.21,-11.79,-9.81,-7.62
15254.09,-15.70,-7.86,-13.42,-3.33,3.33,3.27,4.41,-12.37,-10.09,-7.83
15406.63,-16.21,-8.03,-13.68,-3.31,3.31,3.23,4.59,-12.90,-10.37,-8.17
15560.70,-16.66,-8.04,-13.93,-3.29,3.29,3.20,4.75,-13.37,-10.64,-8.61
15716.30,-16.98,-7.85,-14.19,-3.27,3.27,3.17,4.87,-13.71,-10.93,-9.12
15873.47,-17.23,-7.55,-14.46,-3.25,3.25,3.14,4.94,-13.98,-11.21,-9.67
16032.20,-17.42,-7.15,-14.72,-3.23,3.23,3.11,4.95,-14.19,-11.49,-10.26
16192.52,-17.55,-6.64,-14.98,-3.21,3.21,3.08,4.88,-14.34,-11.77,-10.90
16354.45,-17.68,-6.19,-15.25,-3.19,3.19,3.06,4.74,-14.49,-12.06,-11.48
16517.99,-17.81,-5.82,-15.51,-3.17,3.17,3.03,4.54,-14.64,-12.34,-11.98
16683.17,-17.92,-5.52,-15.78,-3.15,3.15,3.01,4.28,-14.77,-12.63,-12.39
16850.01,-18.07,-5.35,-16.05,-3.13,3.13,2.99,3.97,-14.94,-12.92,-12.71
17018.51,-18.20,-5.24,-16.32,-3.11,3.11,2.97,3.65,-15.09,-13.21,-12.95
17188.69,-18.25,-4.98,-16.59,-3.09,3.09,2.95,3.31,-15.16,-13.49,-13.26
17360.58,-18.21,-4.71,-16.86,-3.07,3.07,2.94,2.97,-15.14,-13.79,-13.49
17534.18,-18.13,-4.46,-17.13,-3.05,3.05,2.93,2.65,-15.08,-14.08,-13.66
17709.53,-17.99,-4.21,-17.40,-3.03,3.03,2.93,2.35,-14.95,-14.37,-13.77
17886.62,-17.80,-3.92,-17.68,-3.02,3.02,2.93,2.06,-14.78,-14.66,-13.87
18065.49,-17.62,-3.45,-17.95,-3.00,3.00,2.94,1.80,-14.62,-14.96,-14.16
18246.14,-17.46,-2.85,-18.23,-2.98,2.98,2.94,1.57,-14.48,-15.25,-14.60
18428.60,-17.41,-2.37,-18.51,-2.96,2.96,2.95,1.35,-14.45,-15.55,-15.03
18612.89,-17.45,-1.99,-18.79,-2.94,2.94,2.97,1.17,-14.51,-15.85,-15.45
18799.02,-17.57,-1.72,-19.07,-2.92,2.92,2.98,1.00,-14.64,-16.15,-15.84
18987.01,-17.69,-1.46,-19.35,-2.91,2.91,2.98,0.85,-14.78,-16.45,-16.22
19176.88,-17.73,-0.84,-19.63,-2.89,2.89,2.98,0.72,-14.84,-16.75,-16.88
19368.65,-17.66,-0.10,-19.92,-2.87,2.87,2.96,0.60,-14.79,-17.05,-17.55
19562.33,-17.37,0.84,-20.20,-2.85,2.85,2.91,0.50,-14.52,-17.35,-18.20
19757.96,-16.86,1.99,-20.49,-2.84,2.84,2.82,0.41,-14.02,-17.65,-18.84
19955.54,-16.22,3.25,-20.78,-2.82,2.82,2.70,0.33,-13.40,-17.96,-19.46
